{"is_source_file": true, "format": "JavaScript (React)", "description": "This is a JavaScript source file for a React web application, serving as the entry point that renders the main App component into the DOM.", "external_files": ["react", "react-dom/client", "./index.css", "./App"], "external_methods": ["ReactDOM.createRoot", "root.render"], "published": [], "classes": [], "methods": [{"name": "ReactDOM.createRoot", "description": "Creates a React root for rendering the React component tree."}, {"name": "root.render", "description": "Renders the React component tree inside the specified DOM node."}], "calls": ["ReactDOM.createRoot", "root.render"], "search-terms": ["React", "index.js", "ReactDOM", "createRoot", "render", "App component"], "state": 2, "file_id": 9, "knowledge_revision": 22, "git_revision": "dac02fbae3421b0b4c7a4fa48ace613d859ffee7", "ctags": [{"_type": "tag", "name": "root", "path": "/home/kavia/workspace/code-generation/simple-to-do-list-307543-307553/frontend_web/src/index.js", "pattern": "/^const root = ReactDOM.createRoot(document.getElementById('root'));$/", "language": "JavaScript", "kind": "constant"}], "hash": "9fc5841375336fc175b49f8767a11383", "format-version": 4, "code-base-name": "frontend_web", "filename": "frontend_web/src/index.js", "revision_history": [{"22": "dac02fbae3421b0b4c7a4fa48ace613d859ffee7"}]}