{"is_source_file": false, "format": "JSON", "description": "", "external_files": [], "external_methods": [], "published": [], "classes": [], "methods": [], "calls": [], "search-terms": [], "state": 2, "file_id": 2, "knowledge_revision": 17, "git_revision": "dac02fbae3421b0b4c7a4fa48ace613d859ffee7", "hash": "d9d975cebe2ec20b6c652e1e4c12ccf0", "format-version": 4, "code-base-name": "frontend_web", "filename": "frontend_web/public/manifest.json", "revision_history": [{"17": "dac02fbae3421b0b4c7a4fa48ace613d859ffee7"}]}