{"is_source_file": true, "format": "JavaScript", "description": "Setup file for testing environment, specifically configuring Jest to include custom matchers from jest-dom for DOM node assertions.", "external_files": ["import '@testing-library/jest-dom';"], "external_methods": [], "published": [], "classes": [], "methods": [], "calls": [], "search-terms": ["setupTests.js", "jest-dom", "jest", "DOM assertions", "testing setup", "testing-library"], "state": 2, "file_id": 4, "knowledge_revision": 23, "git_revision": "dac02fbae3421b0b4c7a4fa48ace613d859ffee7", "ctags": [], "hash": "1a77571e1a8cf36018a41bcedf60db75", "format-version": 4, "code-base-name": "frontend_web", "filename": "frontend_web/src/setupTests.js", "revision_history": [{"23": "dac02fbae3421b0b4c7a4fa48ace613d859ffee7"}]}