{"is_source_file": false, "format": "", "description": "", "external_files": [], "external_methods": [], "published": [], "classes": [], "methods": [], "calls": [], "search-terms": [], "state": 2, "file_id": 11, "knowledge_revision": 19, "git_revision": "dac02fbae3421b0b4c7a4fa48ace613d859ffee7", "hash": "ebece526bc2eadd78ddd787a76c56607", "format-version": 4, "code-base-name": "frontend_web", "filename": "frontend_web/README.md", "revision_history": [{"19": "dac02fbae3421b0b4c7a4fa48ace613d859ffee7"}]}