{"is_source_file": false, "format": "", "description": "", "external_files": [], "external_methods": [], "published": [], "classes": [], "methods": [], "calls": [], "search-terms": [], "state": 2, "file_id": 7, "knowledge_revision": 18, "git_revision": "dac02fbae3421b0b4c7a4fa48ace613d859ffee7", "hash": "22f9e17cc1848b56dbb244518ac2707e", "format-version": 4, "code-base-name": "frontend_web", "filename": "frontend_web/src/App.css", "revision_history": [{"18": "dac02fbae3421b0b4c7a4fa48ace613d859ffee7"}]}